Id	Cat	Req
ИБ-1	Общие требования	Наличие информации от производителя о поддержке и обновлениях апробируемого решения
ИБ-2	Общие требования	Наличие информации от производителя по описанию методов доведения до пользователей информации об уязвимостях апробируемого решения и рекомендаций по их устранению, в том числе путем обновления программного обеспечения (далее – ПО), а также обновления используемых компонентов (например, встроенные библиотеки OpenSSL)
ИБ-3	Общие требования	Наличие апробируемого решения в реестре отечественного ПО (https://reestr.digital.gov.ru/reestr/) для ИТ-решений, не относящихся к СрЗИ
ИБ-4	Общие требования	Наличие апробируемого решения в реестре отечественного ПО (https://reestr.digital.gov.ru/reestr/) для ИТ-решений, относящихся к СрЗИ
ИБ-5	Общие требования	Наличие сертификата ФСТЭК на апробируемое решение, не относящееся к СрЗИ
ИБ-6	Общие требования	Наличие сертификата ФСТЭК на апробируемое решение, относящееся к СрЗИ
ИБ-7	Общие требования	Наличие в документации вендора (сообщества) описания: требований по безопасности, предъявляемых к апробируемому решению; перечня элементов конфигурации, которые связаны с реализацией функций безопасности апробируемого решения (hardening, best practices, и т.п.)
ИБ-8	Идентификация и аутентификация	Для идентификации каждому пользователю должен быть назначен уникальный персональный идентификатор
ИБ-9	Идентификация и аутентификация	Для интеграции апробируемого решения с внешними сервисами должен использоваться уникальный идентификатор
ИБ-10	Идентификация и аутентификация	Для взаимодействия между компонентами апробируемого решения должен использоваться уникальный идентификатор
ИБ-11	Идентификация и аутентификация	Доступ пользователей под локальной учетной записью должен осуществляться посредством аутентификации по паролю
ИБ-12	Идентификация и аутентификация	Доступ по API на изменение должен осуществляться посредством аутентификации по паролю или токену access token
ИБ-13	Идентификация и аутентификация	Доступ по API на чтение должен осуществляться посредством аутентификации по паролю или токену access token
ИБ-14	Идентификация и аутентификация	Доступ пользователей должен осуществляться посредством аутентификации по сертификату пользователя
ИБ-15	Идентификация и аутентификация	Должна обеспечиваться защита обратной связи при вводе аутентификационной информации
ИБ-16	Идентификация и аутентификация	Локальная парольная политика должна обеспечивать возможность настройки требований сложности пароля
ИБ-17	Идентификация и аутентификация	Локальная парольная политика должна обеспечивать возможность самостоятельной смены пароля пользователем
ИБ-18	Идентификация и аутентификация	Локальная парольная политика должна обеспечивать возможность ограничения количества неуспешных попыток входа
ИБ-19	Идентификация и аутентификация	Локальная парольная политика должна обеспечивать возможность хранения истории паролей и невозможность установки нового пароля, совпадающего с предыдущими на заданную глубину истории
ИБ-20	Идентификация и аутентификация	Локальная парольная политика должна обеспечивать возможность настройки срок действия пароля
ИБ-21	Идентификация и аутентификация	Локальная парольная политика должна обеспечивать возможность обязательной смены пароля при первом входе
ИБ-22	Идентификация и аутентификация	Все пароли «по умолчанию» для встроенных учетных записей должны иметь возможность замены
ИБ-23	Идентификация и аутентификация	Все встроенные учетные записи должны иметь возможность блокировки
ИБ-24	Идентификация и аутентификация	Управление учетными записями в апробируемом ИТ-решении должно осуществляться путем применения защищенной службы LDAP(s)-совместимого каталога (для ИТ-решений вне КСПД необходима проверка совместимости с внешним IdP-провайдером посредством протоколов OIDC, SAML 2.0 и т.п.)
ИБ-25	Идентификация и аутентификация	Должна обеспечиваться поддержка технологии единого входа (SSO, поддержка сквозной доменной аутентификации)
ИБ-26	Идентификация и аутентификация	Возможность интеграции с существующей системой управления идентификационными данными (IDM)
ИБ-27	Идентификация и аутентификация	Поддержка механизмов многофакторной аутентификации (MFA) для ИТ-решений, размещаемых в ЦДМЗ
ИБ-28	Идентификация и аутентификация	Поддержка механизмов многофакторной аутентификации (MFA) для ИТ-решений, размещаемых в КСПД
ИБ-29	Управление доступом	Механизмы управления доступом должны быть реализованы на уровне UI
ИБ-30	Управление доступом	Механизмы управления доступом должны быть реализованы на уровне API
ИБ-31	Управление доступом	Механизмы управления доступом должны быть реализованы на уровне CLI
ИБ-32	Управление доступом	Доступ на управление через CLI должен осуществляться с указанием УЗ или от привилегированной УЗ
ИБ-33	Управление доступом	Должна использоваться система ролевого управления доступом для управления правами доступа
ИБ-34	Управление доступом	Наличие возможности определения уровня грануляции ролевой модели, позволяющей предоставлять права доступа в минимально необходимом объеме
ИБ-35	Управление доступом	Наличие возможности управления ролями на основе групп LDAP-совместимого каталога (для ИТ-решений вне КСПД необходима проверка совместимости с внешним IdP-провайдером посредством протоколов OIDC, SAML 2.0 и т.п.)
ИБ-36	Управление доступом	Поддержка возможности наследования прав доступа
ИБ-37	Управление доступом	Должен быть ограничен доступ к интерфейсу администрирования
ИБ-38	Управление доступом	Должен быть ограничен доступ к конфигурационным и временным файлам
ИБ-39	Управление доступом	Должен быть ограничен доступ к интерфейсу просмотра журнала событий в рамках выделенной роли
ИБ-40	Управление доступом	Анонимное подключение к UI должно быть запрещено
ИБ-41	Управление доступом	Анонимное подключение к API должно быть запрещено
ИБ-42	Управление доступом	Наличие возможности работы процесса(-ов) апробируемого решения и его зависимых компонент от непривилегированной учетной записи
ИБ-43	Управление доступом	Должна обеспечиваться настройка длительности периода неактивности для автоматической блокировки сессии, восстановление сессии должно осуществляться только после повторной аутентификации
ИБ-44	Управление доступом	Должна обеспечиваться возможность установки срока действия токена при осуществлении доступа через API (либо перегенерация токена после повторной аутентификации)
ИБ-45	Регистрация и учет событий ИБ	Наличие механизмов регистрации и учета событий ИБ
ИБ-46	Регистрация и учет событий ИБ	Проверка наличия в документации вендора (сообщества) описания применяемых технических мер, обеспечивающих регистрацию событий ИБ и всех событий, связанных с фактами изменения элементов конфигурации, в журнале регистрации событий
ИБ-47	Регистрация и учет событий ИБ	Должен быть предусмотрен централизованный интерфейс для работы с журналами событий безопасности
ИБ-48	Регистрация и учет событий ИБ	Подсистема регистрации и учета событий ИБ должна обеспечивать журналирование события «Вход в систему»
ИБ-49	Регистрация и учет событий ИБ	Подсистема регистрации и учета событий ИБ должна обеспечивать журналирование события «Выход из системы»
ИБ-50	Регистрация и учет событий ИБ	Подсистема регистрации и учета событий ИБ должна обеспечивать журналирование события «Загрузка и инициализация компонентов ИС»
ИБ-51	Регистрация и учет событий ИБ	Подсистема регистрации и учета событий ИБ должна обеспечивать журналирование события «Программный останов компонентов ИС»
ИБ-52	Регистрация и учет событий ИБ	Подсистема регистрации и учета событий ИБ должна обеспечивать журналирование события «Создание пользователя»
ИБ-53	Регистрация и учет событий ИБ	Подсистема регистрации и учета событий ИБ должна обеспечивать журналирование события «Изменение параметров пользователя»
ИБ-54	Регистрация и учет событий ИБ	Подсистема регистрации и учета событий ИБ должна обеспечивать журналирование события «Удаление пользователя»
ИБ-55	Регистрация и учет событий ИБ	Подсистема регистрации и учета событий ИБ должна обеспечивать журналирование события «Изменение привилегий пользователя»
ИБ-56	Регистрация и учет событий ИБ	Подсистема регистрации и учета событий ИБ должна обеспечивать журналирование события «Создание группы»
ИБ-57	Регистрация и учет событий ИБ	Подсистема регистрации и учета событий ИБ должна обеспечивать журналирование события «Удаление группы»
ИБ-58	Регистрация и учет событий ИБ	Подсистема регистрации и учета событий ИБ должна обеспечивать журналирование события «Изменение параметров группы»
ИБ-59	Регистрация и учет событий ИБ	Подсистема регистрации и учета событий ИБ должна обеспечивать журналирование события «Добавление в группу»
ИБ-60	Регистрация и учет событий ИБ	Подсистема регистрации и учета событий ИБ должна обеспечивать журналирование события «Исключение из группы»
ИБ-61	Регистрация и учет событий ИБ	Подсистема регистрации и учета событий ИБ должна обеспечивать журналирование события «Создание конфигурационных файлов ИС»
ИБ-62	Регистрация и учет событий ИБ	Подсистема регистрации и учета событий ИБ должна обеспечивать журналирование события «Удаление конфигурационных файлов ИС»
ИБ-63	Регистрация и учет событий ИБ	Подсистема регистрации и учета событий ИБ должна обеспечивать журналирование события «Изменение конфигурационных файлов ИС»
ИБ-64	Регистрация и учет событий ИБ	Подсистема регистрации и учета событий ИБ должна обеспечивать журналирование события «Установка компонентов ИС»
ИБ-65	Регистрация и учет событий ИБ	Подсистема регистрации и учета событий ИБ должна обеспечивать журналирование события «Удаление компонентов ИС»
ИБ-66	Регистрация и учет событий ИБ	Подсистема регистрации и учета событий ИБ должна обеспечивать журналирование события «Изменение компонентов ИС»
ИБ-67	Регистрация и учет событий ИБ	Подсистема регистрации и учета событий ИБ должна обеспечивать журналирование события «Изменение параметров журналирования событий ИБ ИС»
ИБ-68	Регистрация и учет событий ИБ	Подсистема регистрации и учета событий ИБ должна обеспечивать журналирование события «Изменение сетевых настроек»
ИБ-69	Регистрация и учет событий ИБ	Подсистема регистрации и учета событий ИБ должна обеспечивать журналирование события «Изменения идентификационной информации о ИС»
ИБ-70	Регистрация и учет событий ИБ	Подсистема регистрации и учета событий ИБ должна обеспечивать журналирование события «Изменение состава процессов»
ИБ-71	Регистрация и учет событий ИБ	Подсистема регистрации и учета событий ИБ должна обеспечивать журналирование действий администратора
ИБ-72	Регистрация и учет событий ИБ	Подсистема регистрации и учета событий ИБ должна обеспечивать журналирование экспорта защищаемых данных из ИС
ИБ-73	Регистрация и учет событий ИБ	Атрибутный состав событий должен включать в себя поле «Дата/время»
ИБ-74	Регистрация и учет событий ИБ	Атрибутный состав событий должен включать в себя поле «Наименование вендора»
ИБ-75	Регистрация и учет событий ИБ	Атрибутный состав событий должен включать в себя поле «Наименование продукта»
ИБ-76	Регистрация и учет событий ИБ	Атрибутный состав событий должен включать в себя поле «Наименование хоста»
ИБ-77	Регистрация и учет событий ИБ	Атрибутный состав событий должен включать в себя поле «IP-адрес хоста источника события»
ИБ-78	Регистрация и учет событий ИБ	Атрибутный состав событий должен включать в себя поле «Идентификатор события»
ИБ-79	Регистрация и учет событий ИБ	Атрибутный состав событий должен включать в себя поле «Наименование события»
ИБ-80	Регистрация и учет событий ИБ	Атрибутный состав событий должен включать в себя поле «Уровень важности события»
ИБ-81	Регистрация и учет событий ИБ	Атрибутный состав событий должен включать в себя поле «Субъект операции»
ИБ-82	Регистрация и учет событий ИБ	Атрибутный состав событий должен включать в себя поле «IP-адрес субъекта»
ИБ-83	Регистрация и учет событий ИБ	Атрибутный состав событий должен включать в себя поле «Объект операции»
ИБ-84	Регистрация и учет событий ИБ	Атрибутный состав событий должен включать в себя поле «IP-адрес объекта операции»
ИБ-85	Регистрация и учет событий ИБ	Атрибутный состав событий должен включать в себя поле «Измененные параметры»
ИБ-86	Регистрация и учет событий ИБ	Атрибутный состав событий должен включать в себя поле «Результат операции»
ИБ-87	Регистрация и учет событий ИБ	Атрибутный состав событий должен включать в себя поле «Сообщение» (общее описание события и информация, которая не была внесена в иные поля)
ИБ-88	Регистрация и учет событий ИБ	Журналы событий апробируемого решения на всех уровнях детализации, не должны содержаться аутентификационные данные (пароли и т.п.)
ИБ-89	Регистрация и учет событий ИБ	Должен использоваться уникальный идентификатор для каждого типа/категории событий
ИБ-90	Регистрация и учет событий ИБ	Локальные журналы регистрации и учета событий ИБ должны храниться в течение заданного периода времени
ИБ-91	Регистрация и учет событий ИБ	При заполнении установленного процента объема памяти, выделенного для хранения локальных журналов регистрации событий ИБ, должно выдаваться соответствующее предупреждение
ИБ-92	Регистрация и учет событий ИБ	При заполнении установленного процента объема памяти, выделенного для хранения локальных журналов регистрации событий ИБ, должна производиться перезапись событий
ИБ-93	Регистрация и учет событий ИБ	Локальные журналы событий ИБ должны быть защищены от несанкционированного просмотра и внесения изменений
ИБ-94	Регистрация и учет событий ИБ	Системное время должно иметь возможность синхронизации с единым доверенным источником (поддержка NTP)
ИБ-95	Регистрация и учет событий ИБ	Должна обеспечиваться возможность использования типовых интеграционных механизмов (syslog, database, api) для интеграции подсистемы журналирования событий ИБ с системой мониторинга и управления информационной безопасности (SIEM)
ИБ-96	Регистрация и учет событий ИБ	Должно обеспечиваться соответствие списка событий безопасности и их атрибутного состава ГОСТ Р 59548-2022 (Регистрация событий безопасности. Требования к регистрируемой информации)
ИБ-97	Регистрация и учет событий ИБ	Подсистема журналирования событий ИБ должна быть отделена от системных событий
ИБ-98	Регистрация и учет событий ИБ	Наличие в документации вендора (сообщества) описания типовых инцидентов ИБ и процедур реагирования на них для апробируемого ИТ-решения
ИБ-99	Защита программного обеспечения	Должна поддерживаться корректная работа с корпоративной системой антивирусной защиты
ИБ-100	Защита программного обеспечения	Апробируемое решение и/или зависимые компоненты должны поддерживаться для сканирования системой мониторинга защищенности информационных систем (СМЗИС) и не должны содержать известные уязвимости в компонентах апробируемого решения уровней High и Critical
ИБ-101	Защита программного обеспечения	Наличие интерфейса, возвращающего информацию о фактическом состоянии объектов аудита ИБ (параметров и настроек ИБ)
ИБ-102	Защита программного обеспечения	Эксплуатационная документация вендора (сообщества)  должна содержать информацию о необходимых для функционирования апробируемого решения сетевых параметрах (протоколы, порты)
ИБ-103	Защита программного обеспечения	Настройки по умолчанию, которые могут быть использованы для несанкционированного доступа, должны иметь возможность замены
ИБ-104	Защита программного обеспечения	Должен обеспечиваться своевременный выпуск пакетов обновлений апробируемого решения разработчиками, в т.ч. для устранения выявленных уязвимостей
ИБ-105	Защита программного обеспечения	В случае реализации апробируемого решения (в т.ч. части компонент апробируемого решения) в виде контейнеров, должна обеспечиваться совместимость с корпоративными конвейерами CI/CD
ИБ-106	Защита программного обеспечения	Настройка апробируемого решения и его компонент должна быть обеспечена в соответствии с требований по безопасности, определенными в пункте ИБ-7
ИБ-107	Защита программного обеспечения	Настройка компонент апробируемого решения должна быть обеспечена в соответствии с требованиями ИБ, установленными в ГПН (КТ-233[1], Требования ИБ к компонентам ИС[2])
ИБ-108	Защита программного обеспечения	В случае наличия встроенного языка разработки в апробируемом решении, должна обеспечиваться совместимость с корпоративными конвейерами CI/CD
ИБ-109	Защита программного обеспечения	Апробируемое решение или обновления к нему не должны поставляться способами, не поддерживаемыми корпоративными репозиториями пакетов или корпоративными конвейерами разработки и сборки приложений
ИБ-110	Обеспечение целостности	Обеспечение контроля целостности на уровне программных компонент и файлов конфигураций
ИБ-111	Обеспечение целостности	Наличие в документации вендора (сообщества) описания механизмов проверки целостности
ИБ-112	Обеспечение доступности	Должна иметься возможность реализации в отказоустойчивом исполнении
ИБ-113	Обеспечение доступности	Эксплуатационной документацией должны быть определены: параметры резервного копирования; перечень элементов конфигурации, подлежащих резервному копированию; описание технических мер резервного копирования и восстановления
ИБ-114	Сетевая безопасность	Должна обеспечиваться возможность настройки взаимодействия с сетью Интернет посредством корпоративного прокси-сервера «по принципу белого списка»
ИБ-115	Сетевая безопасность	При организации доступа из сети Интернет должна поддерживаться возможность обработки информации в разных сегментах сети (разделение на Front-End и Back-End компоненты)
ИБ-116	Сетевая безопасность	Отсутствие неотключаемых функций взаимодействия с сетью Интернет (в том числе в части управления лицензиями)
ИБ-117	Криптографическая защита	Пароли (ключи) должны храниться и передаваться в зашифрованном/хешированном виде
ИБ-118	Криптографическая защита	Должно обеспечиваться использование стойких хэш-алгоритмов (SHA512, PBKDF2, bcrypt, scrypt и т.п.)
ИБ-119	Криптографическая защита	Должно обеспечиваться использование стойких алгоритмов шифрования (TLS 1.2 и выше, AES128-256, ECDH, ECDSA, режимы шифрования CBC, CTS, XTS и т.п.)
ИБ-120	Криптографическая защита	Должна быть обеспечена возможность проверки электронной подписи/сертификата узла или пользователя
ИБ-121	Криптографическая защита	Должно обеспечиваться шифрование канала связи на уровне доступа пользователей при размещении ИТ-решения в КСПД
ИБ-122	Криптографическая защита	Должно обеспечиваться шифрование канала связи на уровне доступа пользователей при размещении ИТ-решения в ЦДМЗ
ИБ-123	Криптографическая защита	Должно обеспечиваться шифрование канала связи при внутрисистемном взаимодействии компонент
ИБ-124	Криптографическая защита	Должно обеспечиваться шифрование канала связи при взаимодействии с внешними информационными системами
ИБ-125	Криптографическая защита	Возможность интеграции с существующей корпоративной инфраструктурой открытых ключей
ИБ-126	Криптографическая защита	Должно обеспечиваться хранение ключей шифрования и/или ЭП пользователей на отчуждаемом носителе
ИБ-127	Криптографическая защита	Возможность обезличивания персональных данных, методом удовлетворяющим требования Приказа Роскомнадзора от 05.09.2013 г. N 996 "Об утверждении требований и методов по обезличиванию персональных данных")
ИБ-128	Криптографическая защита	Поддержка средств криптографической защиты информации (далее - СКЗИ), реализованных на основе алгоритмов соответствующих национальным стандартами (ГОСТ), и имеющих документальное подтверждение соответствия установленным требованиям
ИБ-129	Криптографическая защита	В случае встраивании СКЗИ, реализованных на основе алгоритмов соответствующих национальным стандартам (ГОСТ), в программное обеспечение, проверка наличия положительного заключения ФСБ России по результатам оценки влияния среды функционирования СКЗИ
ИБ-130	Контроль НДВ	Контроль целостности проверяемых объектов согласно документации от вендора (расчет контрольных сумм)
ИБ-131	Контроль НДВ	Отсутствие НДВ, выявляемых методами статического и динамического анализа скомпилированного ПО
ИБ-132	Контроль НДВ	Отсутствие НДВ, выявляемых методами анализа исходного кода (применимо при наличии исходного кода)
